nom,table
Inès Robert,Table Lavande
Adam Chevalier,Table Orchidée
Lucas Bonnet,Table Lys
David Levy,Table Tulipe
Tom Bonnet,Table Violette
Mickaël Bonnet,Table Rose
Sarah Dubois,Table Violette
Sarah Cohen,Table Camélia
Camille Dubois,Table Magnolia
Tom Henry,Table Jasmin
Léa Bonnet,Table Camélia
Inès Petit,Table Lys
Raphaël Martin,Table Lys
David Lambert,Table Violette
Mickaël Lemoine,Table Magnolia
Manon Bernard,Table Jasmin
Manon Levy,Table Lavande
David Benhamou,Table Jasmin
Lucas Bernard,Table Orchidée
Lina Benhamou,Table Jasmin
Camille Henry,Table Camélia
Emma Robert,Table Orchidée
Jade Fournier,Table Magnolia
Camille Durand,Table Anémone
Adam Bonnet,Table Rose
Raphaël Durand,Table Tulipe
Sophie Dubois,Table Lavande
Manon Lemoine,Table Jasmin
Noa Moreau,Table Rose
David Henry,Table Jasmin
Chloé Martin,Table Lys
David Robert,Table Rose
Elie Mizrahi,Table Orchidée
Inès Moreau,Table Orchidée
Camille Robert,Table Magnolia
Jade Lambert,Table Camélia
Chloé Martin,Table Lys
Sophie Durand,Table Tulipe
Lina Fitoussi,Table Violette
Inès Bonnet,Table Tulipe
Tom Bernard,Table Rose
Elie Fournier,Table Anémone
Emma Robert,Table Orchidée
Lina Bernard,Table Orchidée
Lina Lemoine,Table Jasmin
Jade Lambert,Table Orchidée
Emma Levy,Table Rose
Manon Fitoussi,Table Rose
Manon Chevalier,Table Lavande
Raphaël Petit,Table Camélia
Chloé Levy,Table Magnolia
Julien Moreau,Table Violette
Elie Moreau,Table Violette
Lucas Henry,Table Violette
Sophie Benhamou,Table Jasmin
Sophie Dubois,Table Camélia
Manon Dubois,Table Violette
Adam Bernard,Table Rose
Mickaël Petit,Table Lavande
Raphaël Benhamou,Table Rose
Léa Martin,Table Rose
Emma Fitoussi,Table Tulipe
Sarah Martin,Table Jasmin
Emma Bonnet,Table Lavande
Nathan Fitoussi,Table Rose
Sarah Levy,Table Magnolia
Emma Mizrahi,Table Lavande
Adam Mizrahi,Table Orchidée
Léa Moreau,Table Violette
Jade Lemoine,Table Violette
Adam Mizrahi,Table Lys
Sarah Levy,Table Violette
Raphaël Robert,Table Jasmin
Camille Petit,Table Rose
Adam Moreau,Table Camélia
Chloé Dubois,Table Lavande
Julien Fournier,Table Lys
David Cohen,Table Orchidée
Elie Lambert,Table Camélia
Jade Lemoine,Table Magnolia
Inès Dubois,Table Violette
Tom Mizrahi,Table Orchidée
Inès Moreau,Table Anémone
Julien Levy,Table Magnolia
Mickaël Martin,Table Violette
Inès Dubois,Table Orchidée
Sarah Henry,Table Camélia
Julien Chevalier,Table Magnolia
Tom Benhamou,Table Anémone
Léa Dubois,Table Lys
Tom Mizrahi,Table Anémone
Manon Robert,Table Anémone
Camille Durand,Table Lavande
Mickaël Lemoine,Table Rose
Sophie Bernard,Table Rose
Manon Benhamou,Table Lavande
Julien Robert,Table Tulipe
Inès Chevalier,Table Jasmin
Léa Durand,Table Violette
Lucas Fitoussi,Table Camélia
Sarah Fitoussi,Table Violette
Tom Lambert,Table Magnolia
Lina Durand,Table Magnolia
Noa Lambert,Table Anémone
Lucas Fitoussi,Table Camélia
Chloé Durand,Table Tulipe
Elie Fitoussi,Table Tulipe
Tom Benhamou,Table Orchidée
Lina Petit,Table Rose
Camille Chevalier,Table Anémone
Jade Dubois,Table Magnolia
Noa Petit,Table Anémone
David Fitoussi,Table Anémone
Léa Dubois,Table Anémone
Sophie Durand,Table Orchidée
Tom Levy,Table Lavande
Chloé Martin,Table Tulipe
Inès Cohen,Table Anémone
Chloé Moreau,Table Violette
Tom Robert,Table Lavande
Noa Levy,Table Violette
Inès Fitoussi,Table Tulipe
Inès Dubois,Table Camélia
David Fournier,Table Lavande
Léa Robert,Table Anémone
Inès Henry,Table Magnolia
Lina Petit,Table Lavande
Nathan Moreau,Table Anémone
Lina Chevalier,Table Rose
Inès Chevalier,Table Lys
Elie Dubois,Table Anémone
Adam Benhamou,Table Tulipe
Manon Martin,Table Magnolia
Sophie Cohen,Table Camélia
Julien Fitoussi,Table Anémone
Elie Fournier,Table Orchidée
Chloé Cohen,Table Jasmin
Jade Bonnet,Table Camélia
Tom Levy,Table Orchidée
Lucas Fitoussi,Table Magnolia
Nathan Benhamou,Table Orchidée
Elie Mizrahi,Table Anémone
Tom Martin,Table Lavande
Léa Henry,Table Rose
David Martin,Table Magnolia
Lina Durand,Table Anémone
Elie Lemoine,Table Rose
Jade Petit,Table Lavande
Jade Levy,Table Lavande
Sophie Bernard,Table Lavande
Julien Mizrahi,Table Lavande
Léa Chevalier,Table Lys
Julien Bernard,Table Anémone
Noa Fournier,Table Lys
Lina Chevalier,Table Anémone
Raphaël Levy,Table Magnolia
Lina Chevalier,Table Tulipe
Julien Benhamou,Table Orchidée
Raphaël Fitoussi,Table Orchidée
Mickaël Henry,Table Lavande
Inès Robert,Table Lys
Camille Moreau,Table Violette
Camille Mizrahi,Table Anémone
Emma Levy,Table Rose
Adam Fitoussi,Table Magnolia
Elie Chevalier,Table Lavande
Adam Fitoussi,Table Anémone
David Moreau,Table Anémone
Inès Dubois,Table Tulipe
Lina Bernard,Table Tulipe
Inès Levy,Table Camélia
Mickaël Dubois,Table Lys
Noa Lambert,Table Tulipe
Mickaël Dubois,Table Lavande
Inès Dubois,Table Lys
Manon Moreau,Table Camélia
Léa Lambert,Table Lys
Lucas Cohen,Table Lys
Noa Levy,Table Orchidée
Camille Bernard,Table Jasmin
Mickaël Henry,Table Violette
Manon Levy,Table Rose
Noa Fitoussi,Table Violette
Mickaël Lambert,Table Anémone
Tom Durand,Table Magnolia
Inès Levy,Table Violette
Mickaël Durand,Table Rose
Lina Moreau,Table Violette
Adam Petit,Table Anémone
Adam Bonnet,Table Lys
Lucas Durand,Table Lys
Camille Dubois,Table Rose
Lucas Durand,Table Jasmin
Lina Mizrahi,Table Jasmin
Chloé Lambert,Table Tulipe
Léa Henry,Table Lys
Manon Durand,Table Violette
Noa Lemoine,Table Magnolia
Léa Dubois,Table Lys
Elie Chevalier,Table Lys
Lucas Fitoussi,Table Anémone
Lucas Chevalier,Table Tulipe
Nathan Mizrahi,Table Violette
Elie Moreau,Table Lavande
Lina Fournier,Table Anémone
Lina Lemoine,Table Lavande
Inès Lambert,Table Lavande
Camille Moreau,Table Lavande
Sophie Dubois,Table Jasmin
Jade Dubois,Table Violette
Nathan Lambert,Table Lys
Sophie Dubois,Table Anémone
Sophie Lemoine,Table Jasmin
David Mizrahi,Table Rose
Adam Fournier,Table Camélia
Nathan Lambert,Table Lys
Camille Fournier,Table Rose
Sarah Lemoine,Table Lys
Lina Durand,Table Lavande
Sarah Mizrahi,Table Rose
Camille Benhamou,Table Violette
Lina Martin,Table Tulipe
Lucas Bernard,Table Camélia
Adam Benhamou,Table Camélia
Noa Benhamou,Table Violette
Lina Petit,Table Camélia
Inès Dubois,Table Rose
Lina Mizrahi,Table Lavande
Nathan Martin,Table Anémone
Mickaël Moreau,Table Tulipe
Lucas Mizrahi,Table Rose
Noa Petit,Table Jasmin
Léa Fournier,Table Orchidée
Sophie Chevalier,Table Anémone
Inès Fournier,Table Orchidée
Nathan Fitoussi,Table Anémone
Mickaël Dubois,Table Jasmin
Noa Chevalier,Table Violette
Manon Durand,Table Lys
Sarah Fournier,Table Violette
Mickaël Henry,Table Camélia
Chloé Petit,Table Lavande
David Dubois,Table Jasmin
Nathan Durand,Table Orchidée
Adam Moreau,Table Lavande
Raphaël Dubois,Table Lys
Chloé Cohen,Table Anémone
Noa Benhamou,Table Camélia
Lina Levy,Table Violette
Léa Lambert,Table Tulipe
